순위,상품번호,상품명,정가,판매가,할인율,좋아요,URL,후기수,평균평점(수집분),수집후기수
2,33786,콜트 Cort Action PJ 베이스기타 (OPB) Open Pore Black Color,324000,259000,20%,,https://www.schoolmusic.co.kr/Shop/index.php3?var=Good&Good_no=33786,8,4.75,8
3,33126,콜트 Cort Action Bass Plus 베이스기타 (BK) Black Color,349000,251100,28%,,https://www.schoolmusic.co.kr/Shop/index.php3?var=Good&Good_no=33126,23,4.91,23
4,33789,콜트 Cort Action PJ 베이스기타 (OPW) Open Pore Walnut Color,324000,259000,20%,,https://www.schoolmusic.co.kr/Shop/index.php3?var=Good&Good_no=33789,10,4.7,10
5,60479,헥스 Hex B100R 베이스기타 (S/BK) Satin Finish / Black Color,390000,310000,21%,,https://www.schoolmusic.co.kr/Shop/index.php3?var=Good&Good_no=60479,12,4.92,12
6,53049,콜트 Cort GB24JJ 베이스기타 (TBK) Trans Black Color,370000,296000,20%,,https://www.schoolmusic.co.kr/Shop/index.php3?var=Good&Good_no=53049,9,4.67,9
7,63851,스윙 Swing Jazz King 베이스기타 Matte Black(R),388000,310000,20%,,https://www.schoolmusic.co.kr/Shop/index.php3?var=Good&Good_no=63851,6,4.5,6
8,50799,스윙 Swing Jazz King 베이스기타 (WH/R),388000,310000,20%,,https://www.schoolmusic.co.kr/Shop/index.php3?var=Good&Good_no=50799,18,4.78,18
9,50800,스윙 Swing Jazz King 베이스기타 (BK/R),388000,310000,20%,,https://www.schoolmusic.co.kr/Shop/index.php3?var=Good&Good_no=50800,20,5.0,20
10,57502,아이바네즈 Ibanez Gio GSR180 베이스기타 (BEM) Baltic Blue Metallic Color,418000,297000,29%,,https://www.schoolmusic.co.kr/Shop/index.php3?var=Good&Good_no=57502,11,5.0,11
11,53048,콜트 Cort GB24JJ 베이스기타 (2T) 2 Tone Burst Color,370000,296000,20%,,https://www.schoolmusic.co.kr/Shop/index.php3?var=Good&Good_no=53048,7,4.71,7
12,63105,투맨 Twoman NEW TJB-120 베이스기타 (MBL) Metallic Blue Color,360000,288000,20%,,https://www.schoolmusic.co.kr/Shop/index.php3?var=Good&Good_no=63105,3,5.0,3
13,56036,고퍼우드 GopherWood J-Classic IV 베이스기타 (WHITE401B),560000,388080,31%,,https://www.schoolmusic.co.kr/Shop/index.php3?var=Good&Good_no=56036,3,4.67,3
14,66678,헥스 Hex B100R 베이스기타 (G/SB) Gloss Finish / Sunburst Color,390000,310000,21%,,https://www.schoolmusic.co.kr/Shop/index.php3?var=Good&Good_no=66678,1,5.0,1
15,60881,스윙 Swing Jazz King 베이스기타 Sonic Blue(R),388000,310000,20%,,https://www.schoolmusic.co.kr/Shop/index.php3?var=Good&Good_no=60881,2,4.0,2
16,58206,헥스 Hex B100R 베이스기타 (S/IV) Satin Finish / Ivory Color,390000,310000,21%,,https://www.schoolmusic.co.kr/Shop/index.php3?var=Good&Good_no=58206,13,4.92,13
17,59518,콜트 Cort C4 Plus OVMH 베이스기타 (ABB) Antique Brown Burst Color,562000,449000,20%,,https://www.schoolmusic.co.kr/Shop/index.php3?var=Good&Good_no=59518,6,4.83,6
18,59369,헥스 Hex B100M 베이스기타 (S/PPK) Satin Finish / Pastel Pink Color,390000,310000,21%,,https://www.schoolmusic.co.kr/Shop/index.php3?var=Good&Good_no=59369,5,5.0,5
19,39621,스윙 Swing Jazz King 베이스기타 WH(M),388000,310000,20%,,https://www.schoolmusic.co.kr/Shop/index.php3?var=Good&Good_no=39621,7,5.0,7
20,37065,야마하 Yamaha BB234 베이스기타 (VW),625000,500000,20%,,https://www.schoolmusic.co.kr/Shop/index.php3?var=Good&Good_no=37065,6,5.0,6
