순위,상품번호,상품명,평점,제목,구분,작성자,작성일,내용,성능,가격,디자인,배송,이미지
2,33786,콜트 Cort Action PJ 베이스기타 (OPB) Open Pore Black Color,5,"빠른배송
제품도 손상없이 배송되...",구매,*,2026-09-19,"빠른배송
제품도 손상없이 배송되어 만족합니다.",5,5,5,5,https://phinf.pstatic.net/checkout.phinf/20260919_116/1789812448823xybJl_JPEG/IMG_1802.jpeg?type=w640 https://phinf.pstatic.net/checkout.phinf/20260919_24/1789812449538PR3KB_JPEG/IMG_1803.jpeg?type=w640
2,33786,콜트 Cort Action PJ 베이스기타 (OPB) Open Pore Black Color,5,배송도 완벽 악기 상태도 완벽합니...,구매,*,2026-07-15,배송도 완벽 악기 상태도 완벽합니다. 감사합니다,5,5,5,5,https://phinf.pstatic.net/checkout.phinf/20260715_173/1784108209718ybCoG_JPEG/KakaoTalk_20260715_183633742.jpg?type=w640
2,33786,콜트 Cort Action PJ 베이스기타 (OPB) Open Pore Black Color,5,"예쁘고 배송이 빨라서 좋았대요
...",구매,*,2026-07-15,"예쁘고 배송이 빨라서 좋았대요
딸이 필요하다해서 주문해주었습니다",5,5,5,5,https://phinf.pstatic.net/checkout.phinf/20260715_218/17841044651497wJqc_JPEG/IMG_2447.jpeg?type=w640 https://phinf.pstatic.net/checkout.phinf/20260715_299/1784104465391fQTAP_JPEG/IMG_2446.jpeg?type=w640
2,33786,콜트 Cort Action PJ 베이스기타 (OPB) Open Pore Black Color,5,치는 악기는 처음이라 걱정했는데...,구매,*,2025-07-04,"치는 악기는 처음이라 걱정했는데
4번줄 울리니까 너무 좋아유",5,5,5,5,
2,33786,콜트 Cort Action PJ 베이스기타 (OPB) Open Pore Black Color,4,4번 줄 버징 현상 때문에 본사 다...,구매,*,2025-05-25,4번 줄 버징 현상 때문에 본사 다녀와야 겠습니다,4,4,4,4,https://phinf.pstatic.net/checkout.phinf/20250525_78/1748152939848JKu5L_JPEG/IMG_2418.jpeg?type=w640
2,33786,콜트 Cort Action PJ 베이스기타 (OPB) Open Pore Black Color,5,배송도 빠르고 상품이 잘 보존되어...,구매,*,2025-01-12,배송도 빠르고 상품이 잘 보존되어서 왔어요,5,5,5,5,
2,33786,콜트 Cort Action PJ 베이스기타 (OPB) Open Pore Black Color,5,포장도 안전하게 잘 되어 왔고 마...,구매,*,2021-12-05,"포장도 안전하게 잘 되어 왔고 마음에 들어요!
예쁘게 치겠습니다!",5,5,5,5,https://phinf.pstatic.net/checkout.phinf/20211209_128/16390487625356pgt3_JPEG/review-attachment-9815b19a-fc59-4d7f-9425-77d82d60e8b8.jpeg?type=w640 https://phinf.pstatic.net/checkout.phinf/20211209_93/1639048764943IMR1Y_JPEG/review-attachment-7538225d-bb39-4fab-a7cf-11ccaecced58.jpeg?type=w640 https://phinf.pstatic.net/checkout.phinf/20211209_289/1639048764874WL51J_JPEG/review-attachment-6ad76d8d-2516-4d05-a599-10f9760c0d0f.jpeg?type=w640
2,33786,콜트 Cort Action PJ 베이스기타 (OPB) Open Pore Black Color,4,가격대비 가성비가 좋습니다.,구매,*,2020-01-26,가격대비 가성비가 좋습니다.,4,4,4,4,
3,33126,콜트 Cort Action Bass Plus 베이스기타 (BK) Black Color,5,에쁘고 아이가 좋아하네요..,구매,*,2026-05-07,에쁘고 아이가 좋아하네요..,5,5,5,5,
3,33126,콜트 Cort Action Bass Plus 베이스기타 (BK) Black Color,5,친구 선물해줬는데 좋아하네요,구매,*,2026-04-16,친구 선물해줬는데 좋아하네요,5,5,5,5,https://phinf.pstatic.net/checkout.phinf/20260416_221/1776329925332hIHkH_JPEG/IMG_8264.jpeg?type=w640
3,33126,콜트 Cort Action Bass Plus 베이스기타 (BK) Black Color,5,처음으로 베이스 사는데 너무 이쁘...,구매,*,2026-01-31,처음으로 베이스 사는데 너무 이쁘네요,5,5,5,5,
3,33126,콜트 Cort Action Bass Plus 베이스기타 (BK) Black Color,5,베이스기타,구매,o*****************,2025-10-17,배송이 빠르고 가방이 좋고 구성품도 많이 들어 있서서 연습용으로 좋을거 같아요,5,5,5,5,
3,33126,콜트 Cort Action Bass Plus 베이스기타 (BK) Black Color,5,첫 베이스인데 좋아요,구매,s******************,2024-10-25,베이스 입문 하려고 고른 베이스인데 기본으로 들어있는 케이블도 좋고  배송 중 파손도 없어서 좋아요,5,5,5,5,https://img.schoolmusic.co.kr/webimg/2010_mypage/up_files_2024/bb6eb5e43f_156708_93578.jpg
3,33126,콜트 Cort Action Bass Plus 베이스기타 (BK) Black Color,5,파손위험없이 잘 와서 좋아요,구매,*,2024-10-20,파손위험없이 잘 와서 좋아요,5,5,5,5,https://phinf.pstatic.net/checkout.phinf/20241025_161/17298463523178nqiH_JPEG/1000246073.jpg?type=w640
3,33126,콜트 Cort Action Bass Plus 베이스기타 (BK) Black Color,5,교회에서 쓰려고 샀는데 엄청 좋네...,구매,*,2024-08-27,교회에서 쓰려고 샀는데 엄청 좋네요 본당에서 사용하기에도 좋습니다,5,5,5,5,
3,33126,콜트 Cort Action Bass Plus 베이스기타 (BK) Black Color,5,너무이쁘고 소리도 좋아요 가선비...,구매,*,2024-08-07,너무이쁘고 소리도 좋아요 가선비짱짱,5,5,5,5,
3,33126,콜트 Cort Action Bass Plus 베이스기타 (BK) Black Color,5,자녀가 음악을 좋아해서 입문용으...,구매,*,2023-08-28,자녀가 음악을 좋아해서 입문용으로 구입했는데 포장 및 튜닝이 잘 되어와서 정말 마음에 들어하네요~^^,5,5,5,5,https://phinf.pstatic.net/checkout.phinf/20230904_266/16937842117966BxpA_JPEG/20230903_090801.jpg?type=w640 https://phinf.pstatic.net/checkout.phinf/20230904_182/16937842126900lntz_JPEG/20230903_091130.jpg?type=w640 https://phinf.pstatic.net/checkout.phinf/20230904_177/1693784216125naVeE_JPEG/20230903_091210.jpg?type=w640 https://phinf.pstatic.net/checkout.phinf/20230904_254/1693784217125EGwBB_JPEG/20230903_091218.jpg?type=w640 https://phinf.pstatic.net/checkout.phinf/20230904_282/1693784218576Anaqw_JPEG/20230903_091243.jpg?type=w640
3,33126,콜트 Cort Action Bass Plus 베이스기타 (BK) Black Color,5,"아들이 좋아라 합니다.
안전하게 ...",구매,*,2023-08-27,"아들이 좋아라 합니다.
안전하게 잘 도착",5,5,5,5,https://phinf.pstatic.net/checkout.phinf/20230918_238/169503995682938o9t_JPEG/1695039912384.jpg?type=w640
3,33126,콜트 Cort Action Bass Plus 베이스기타 (BK) Black Color,5,완전 마음에 들어요 예쁘고 소리도...,구매,*,2023-06-09,완전 마음에 들어요 예쁘고 소리도 잘 나요,5,5,5,5,
3,33126,콜트 Cort Action Bass Plus 베이스기타 (BK) Black Color,5,상품후기,구매,m****************,2023-02-09,"배송도 이틀만에 왔고 사은품 전부 잘 들어서 왔어요
입문자가 사용하기 적절한 것 같아요",5,5,5,5,
3,33126,콜트 Cort Action Bass Plus 베이스기타 (BK) Black Color,5,최고입니다!!!,,m*********************,2023-01-04,너무 마음에 들어요. 구성품도 알차게 왔고 기타 상태도 최상이었어요. 기타 소리도 너무 좋고 잘 구매했네요!,5,5,5,5,
3,33126,콜트 Cort Action Bass Plus 베이스기타 (BK) Black Color,5,구매후기,구매,g****,2020-12-29,처음입문하는 초보자인데 디자인.성능 만족합니다. 배송도빠르고,5,5,5,5,
3,33126,콜트 Cort Action Bass Plus 베이스기타 (BK) Black Color,4,빠르고 정확한 배송 칭찬합니다,구매,*,2020-11-27,빠르고 정확한 배송 칭찬합니다,4,4,4,4,
3,33126,콜트 Cort Action Bass Plus 베이스기타 (BK) Black Color,5,배송도 빠르고 하자없이 깔끔하게...,구매,*,2020-06-28,배송도 빠르고 하자없이 깔끔하게 도착했어요 만족합니다~,5,5,5,5,
3,33126,콜트 Cort Action Bass Plus 베이스기타 (BK) Black Color,5,구매후기,구매,j*******************,2020-06-23,베이스 처음사보는데 입문용으로 좋은거같아요 배송도빠르고 좋습니다~,5,5,5,5,
3,33126,콜트 Cort Action Bass Plus 베이스기타 (BK) Black Color,5,재고가없어서 늦어질수있다고 먼저...,구매,*,2020-02-17,재고가없어서 늦어질수있다고 먼저연락주셔서 좋았습니다. 염려한거보단 빨리와서 좋았구요! 감사합니다~!,5,5,5,5,https://phinf.pstatic.net/checkout.phinf/20200227_12/1582770779430CNkd8_JPEG/20200225_161811.jpg?type=w640
3,33126,콜트 Cort Action Bass Plus 베이스기타 (BK) Black Color,4,가격대비 품질상태 좋은편입니다.,구매,*,2020-02-16,가격대비 품질상태 좋은편입니다.,4,4,4,4,
3,33126,콜트 Cort Action Bass Plus 베이스기타 (BK) Black Color,5,잘 받았습니다. 감사합니다.,구매,*,2020-01-06,잘 받았습니다. 감사합니다.,5,5,5,5,
3,33126,콜트 Cort Action Bass Plus 베이스기타 (BK) Black Color,5,정말 다 좋은데 기타 스트랩이 오...,,d*******************,2018-08-01,..,5,5,5,5,
3,33126,콜트 Cort Action Bass Plus 베이스기타 (BK) Black Color,5,기타,구매,m*******************,2017-06-06,기능이  다양해서 이용하기 편하고 배송이 빠르네요,5,5,5,5,
3,33126,콜트 Cort Action Bass Plus 베이스기타 (BK) Black Color,5,아주 좋습니다.,구매,j*******************,2016-10-19,매우 만족합니다. 베이스기타 배우는 초보 학생들이 너무나 좋아합니다.,5,5,5,5,
4,33789,콜트 Cort Action PJ 베이스기타 (OPW) Open Pore Walnut Color,5,좋아요~,구매,k****************,2025-08-31,아이들 연습용으로 샀는데 가볍고 크기가 슬림한 거 같아요~ 그래서 아이들에게 무난한거 같아요 디자인도 깔끔하고 기대이상이라 너무 좋습니다,5,5,5,5,
4,33789,콜트 Cort Action PJ 베이스기타 (OPW) Open Pore Walnut Color,5,베이스 기타 색사으아주 좋습니다...,구매,*,2024-12-15,베이스 기타 색사으아주 좋습니다. 이뻐사 자주 칠것 같아요. ㅎㅎ,5,5,5,5,https://phinf.pstatic.net/checkout.phinf/20241219_25/1734605404725XuDns_JPEG/1734605313922.jpg?type=w640
4,33789,콜트 Cort Action PJ 베이스기타 (OPW) Open Pore Walnut Color,5,아주 만족스럽네요^^,구매,m*********************,2020-11-09,"후기 들도 워낙 좋아서 초급자가 쓰기에 좋다고 하는데 정말 좋습니다. 배송도 빠르고 소리도 아주 좋고, 만족스럽네요. 역시 평가대로 가성비 갑인 초급자가 써서 좋은 베이스인것 같습니다.",5,5,5,5,
4,33789,콜트 Cort Action PJ 베이스기타 (OPW) Open Pore Walnut Color,5,"빠른 배송, 포장 꼼꼼, 기본 사은...",구매,*,2020-09-11,"빠른 배송, 포장 꼼꼼, 기본 사은품에 뇌물까지ㅋㅋㅋ 감사합니다",5,5,5,5,https://phinf.pstatic.net/checkout.phinf/20200914_265/1600067729611rvU7G_JPEG/review-attachment-b750f2e9-915c-47a0-b9fb-17bdd482774a.jpeg?type=w640 https://phinf.pstatic.net/checkout.phinf/20200914_38/1600067726011hVgst_JPEG/review-attachment-39c0456a-c81f-4947-8346-37e80abb58c6.jpeg?type=w640 https://phinf.pstatic.net/checkout.phinf/20200914_13/1600067725730lOaqd_JPEG/review-attachment-d31de796-2c81-44e3-bb4b-0adb2df7bf39.jpeg?type=w640 https://phinf.pstatic.net/checkout.phinf/20200914_31/1600067726012bRJ4K_JPEG/review-attachment-6da63a42-188a-405d-99c1-28e6ecab4424.jpeg?type=w640
4,33789,콜트 Cort Action PJ 베이스기타 (OPW) Open Pore Walnut Color,4,깔꿈합니당~~~~~,구매,*,2020-06-14,깔꿈합니당~~~~~,4,4,4,4,https://phinf.pstatic.net/checkout.phinf/20200701_164/1593571979873zAzFh_JPEG/image.jpg?type=w640
4,33789,콜트 Cort Action PJ 베이스기타 (OPW) Open Pore Walnut Color,5,배송이 빠르고 포장도 맘에 듭니다,구매,*,2020-06-11,배송이 빠르고 포장도 맘에 듭니다,5,5,5,5,
4,33789,콜트 Cort Action PJ 베이스기타 (OPW) Open Pore Walnut Color,3,배송이 빠르고 좋아요,구매,*,2020-05-27,배송이 빠르고 좋아요,3,3,3,3,https://phinf.pstatic.net/checkout.phinf/20200603_13/15911879939655IMbY_JPEG/1591187981810.jpg?type=w640
4,33789,콜트 Cort Action PJ 베이스기타 (OPW) Open Pore Walnut Color,5,설명절기간이었지만 빠른 배송과 ...,구매,*,2020-01-26,설명절기간이었지만 빠른 배송과 상품에 만족합니다.,5,5,5,5,
4,33789,콜트 Cort Action PJ 베이스기타 (OPW) Open Pore Walnut Color,5,생각한제품이였어요~~~!!좋아요!!,구매,*,2020-01-04,생각한제품이였어요~~~!!좋아요!!,5,5,5,5,https://phinf.pstatic.net/checkout.phinf/20200314_155/1584180431417UkCMm_JPEG/1584180404552.jpg?type=w640
4,33789,콜트 Cort Action PJ 베이스기타 (OPW) Open Pore Walnut Color,5,연습용으로 좋습니다!,구매,k*****************,2019-01-19,"연습용으로 흠잡을때 없는 베이스인거같습니다
그런데 픽업 모서리가 날카로워서 슬랩연습할때 부딪히면 아파요",5,5,5,5,
5,60479,헥스 Hex B100R 베이스기타 (S/BK) Satin Finish / Black Color,5,케이스 튼튼해서 좋아요,구매,*,2026-05-26,케이스 튼튼해서 좋아요,5,5,5,5,
5,60479,헥스 Hex B100R 베이스기타 (S/BK) Satin Finish / Black Color,5,"아들 입문용으로 구입했어요
학원...",구매,*,2026-03-18,"아들 입문용으로 구입했어요
학원 원장님이 골라주셨는데
저는 베이스에 대해 잘몰라서 ㅎㅎ
아들이 완전 마음에 들어하니
아주 좋습니다",5,5,5,5,https://phinf.pstatic.net/checkout.phinf/20260318_250/17737841821105aOrl_JPEG/1000019210.jpg?type=w640
5,60479,헥스 Hex B100R 베이스기타 (S/BK) Satin Finish / Black Color,5,포장 튼튼하고 악기 세부 튜닝도 ...,구매,*,2025-12-07,포장 튼튼하고 악기 세부 튜닝도 해주셔서 바로 사용하였습니다. 감사합니다.,5,5,5,5,
5,60479,헥스 Hex B100R 베이스기타 (S/BK) Satin Finish / Black Color,5,사은품 하나가 빠졌지만 나머지는...,구매,a*****************,2025-03-26,"베이스 기타줄 사은품이 누락되었는지 아무리 찾아도 없네요~~ 얼른 다시 보내주세요!!!
나머지는 다왔어요~~ 아들이 이쁘다고 너무 좋아하넹~~감사합니다!!!!!",5,5,5,5,https://img.schoolmusic.co.kr/webimg/2010_mypage/up_files_2025/4edac4dac9_096932_58720.jpg
5,60479,헥스 Hex B100R 베이스기타 (S/BK) Satin Finish / Black Color,5,"아들이 만족해 합니다
오늘 학교에...",구매,*,2025-03-20,"아들이 만족해 합니다
오늘 학교에 메고 갔어요
배송도 하루만에
암턴 감사 합니다",5,5,5,5,
5,60479,헥스 Hex B100R 베이스기타 (S/BK) Satin Finish / Black Color,4,아이가 베이스에 입문하면서 처음...,구매,*,2025-02-18,"아이가 베이스에 입문하면서 처음 구매했는데맘에 들어하네요.
매트한 검정색의 바디가 멋스럽고 울림이 좋은 것 같아요. 받자마자 연습 삼매경.
너무 좋다고 하네요.",4,4,4,4,https://phinf.pstatic.net/checkout.phinf/20250220_95/1740042578222F8qJG_JPEG/1000008997.jpg?type=w640
5,60479,헥스 Hex B100R 베이스기타 (S/BK) Satin Finish / Black Color,5,너무 좋습니다.,구매,m*******************,2025-02-07,베이스가 이쁘니 손이 더 많이가네요. 만족합니다.,5,5,5,5,
5,60479,헥스 Hex B100R 베이스기타 (S/BK) Satin Finish / Black Color,5,너무 만족스럽습니다.,구매,*,2025-02-01,너무 만족스럽습니다.,5,5,5,5,
5,60479,헥스 Hex B100R 베이스기타 (S/BK) Satin Finish / Black Color,5,무광 블랙 너무 좋습니다,구매,*,2024-09-05,무광 블랙 너무 좋습니다,5,5,5,5,
5,60479,헥스 Hex B100R 베이스기타 (S/BK) Satin Finish / Black Color,5,베이스 너무 마음에 들어요,구매,*,2024-02-18,베이스 너무 마음에 들어요,5,5,5,5,https://phinf.pstatic.net/checkout.phinf/20240223_132/17086454497587RYKI_JPEG/1000017136.jpg?type=w640
5,60479,헥스 Hex B100R 베이스기타 (S/BK) Satin Finish / Black Color,5,베이스 처음삼,구매,d*****************,2024-01-05,베이스 입문 하려고 샀는데 디자인도 예쁘고 좋은거같아요,5,5,5,5,
5,60479,헥스 Hex B100R 베이스기타 (S/BK) Satin Finish / Black Color,5,역시 헥스답게 가방은 뭐 말할것도...,구매,*,2023-11-25,"역시 헥스답게 가방은 뭐 말할것도 없구요
베이스도 ㄱㅊ아요 똘똘이 엠프쓰고 있는데 엠프에 투자하고 싶어지네요",5,5,5,5,
6,53049,콜트 Cort GB24JJ 베이스기타 (TBK) Trans Black Color,4,디자인이 마음에 들고 입문용으로...,구매,*,2026-08-04,디자인이 마음에 들고 입문용으로 추천이 많아 구매했습니다,4,4,4,4,https://phinf.pstatic.net/checkout.phinf/20260804_264/1785818097427ShrWb_JPEG/1785818075736.jpg?type=w640
6,53049,콜트 Cort GB24JJ 베이스기타 (TBK) Trans Black Color,5,입문자에게 제일 적합한 베이스인...,구매,*,2026-03-26,"입문자에게 제일 적합한 베이스인거 같습니다, 구성품도 알차게 챙겨 주셔서 만족합니다",5,5,5,5,https://phinf.pstatic.net/checkout.phinf/20260326_87/1774525944965jLpyI_JPEG/6549.jpg?type=w640
6,53049,콜트 Cort GB24JJ 베이스기타 (TBK) Trans Black Color,5,딸 아이가 너무 만족합니다,구매,*,2026-01-19,딸 아이가 너무 만족합니다,5,5,5,5,
6,53049,콜트 Cort GB24JJ 베이스기타 (TBK) Trans Black Color,3,"한마디로 말하면, 콜트는 현재 GB...",구매,*,2025-12-20,"한마디로 말하면, 콜트는 현재 GB 시리즈 중 구매하실 의향이 있다면 GB64JJ 가 미니멈 입니다.
장점 이라면:
-전체적인 마감이 좋습니다.
-넥 감도 괜찮고 프렛도 겨울철인데 이 가격대에서 프렛 안 튀어나오는 제품은 콜트가 유일하지 않나 싶습니다.
-픽업이 싱글픽업임에도 불구하고 생각보다 노이즈가 심하지 않습니다. 이 가격대에서 이정도면 잘 나온거라 봅니다.
단점은:
-바디 목재가 너무 약합니다. 포플라라고는 하는데... 예전 액션 베이스에서",3,3,3,3,
6,53049,콜트 Cort GB24JJ 베이스기타 (TBK) Trans Black Color,5,"아들이 바라던 베이스
열심히 해본...",구매,*,2024-10-22,"아들이 바라던 베이스
열심히 해본다 하니 믿고 구매해봅니다
배송 제품 모두 만족합니다
이쁘네요
독학준비 완료^^",5,5,5,5,https://phinf.pstatic.net/checkout.phinf/20241118_187/1731890098117atout_JPEG/1731890084359.jpg?type=w640 https://phinf.pstatic.net/checkout.phinf/20241118_298/1731890127867wyV7s_JPEG/1731890102710.jpg?type=w640
6,53049,콜트 Cort GB24JJ 베이스기타 (TBK) Trans Black Color,5,실물이 더 예뻐요,구매,a*********************,2024-09-04,생각보다 더 밝고 회색빛이 도네요 너무 예뻐용 첫 베이스 홧팅,5,5,5,5,
6,53049,콜트 Cort GB24JJ 베이스기타 (TBK) Trans Black Color,5,내 베이스가 너무 멋진 사건,구매,*,2024-08-28,내 베이스가 너무 멋진 사건,5,5,5,5,
6,53049,콜트 Cort GB24JJ 베이스기타 (TBK) Trans Black Color,5,정말 좋네요!! 입문용으로 샀는데...,구매,*,2024-02-05,정말 좋네요!! 입문용으로 샀는데 최고예요,5,5,5,5,https://phinf.pstatic.net/checkout.phinf/20240207_268/170731283302958diH_JPEG/KakaoTalk_20240207_223156604.jpg?type=w640
6,53049,콜트 Cort GB24JJ 베이스기타 (TBK) Trans Black Color,5,"믿고사는 콜트, 믿음으로 시키는 ...",,p******************,2023-09-22,"원래 음악에 대한 애정과 관심이 있었지만 베이스기타에 대해서는 생각이 없었는데 어쩌다보니 기회가 생겨 악기는 스쿨뮤직이지!! 하면서 봤죠 근데 이게 웬일인걸? 추석 특집 세일을 하고 있네요? 이건 참을 수 없죠 바로 베이스 기타에 대한 서칭을 했습니다. 그렇게 알아본 결과 입문용으로 최적이며 디자인과 성능이 우수한 콜트 gb24jj를 선택했죠. 하지만 직접 제 손에 받기까지 불안했습니다 ㅡ.ㅡ 추석특집 할인에 주문량이 몰려 평소 택배를 받는 기간보다 늦을 수 밖에 없다는 공지를 보고 말았죠... 게다가 추석 택배공세까지... 이러다 9월달 안에 못받을 수도 있겠다 싶었지만, 스쿨 뮤직의 매우 빠르고 신속한 검수와 정확한 처리 덕분에 예상보다 매우 빨리 발송이 되었고 배송또한 운이 따라주어 빨리 받을 수 있었습니다ㅎㅎ 저는 앰프에 바로 쓰기보다 아이패드에 오디오 인터페이스를 물려 재밌는 톤을 써보기도 하는데요 입문용이라는 말이 붙기에는 아쉬울 정도의 매우 뛰어난 소리가 났습니다!! 누가 베이스 기타를 알아본다면 주저없이 이 모델을 추천해 주고 싶어요!
스쿨뮤직 덕분에 좋은 악기 잘 받을 수 있었습니다! 감사합니다!!!
스쿨뮤직 최고!!!
콜트 기타도 최고!!",5,5,5,5,
7,63851,스윙 Swing Jazz King 베이스기타 Matte Black(R),5,"입문하보려고 구입했습니다.
포장...",구매,*,2026-01-20,"입문하보려고 구입했습니다.
포장도 문제없었고, 양품인것 같습니다.",5,5,5,5,https://phinf.pstatic.net/checkout.phinf/20260120_119/17688906659451fqOT_JPEG/1000008107.jpg?type=w640
7,63851,스윙 Swing Jazz King 베이스기타 Matte Black(R),4,베이스랑 커버랑 둘다 같은부위가...,구매,*,2025-09-09,베이스랑 커버랑 둘다 같은부위가 찍혀서 흠이 있는데 다른건 괜차냐여 소리좋아여,4,4,4,4,https://phinf.pstatic.net/checkout.phinf/20250909_53/1757394144650FusvB_JPEG/1000010183.jpg?type=w640
7,63851,스윙 Swing Jazz King 베이스기타 Matte Black(R),3,처음부터 4현이 잘못 세팅되어 와...,구매,*,2025-04-21,처음부터 4현이 잘못 세팅되어 와서 돈주고 세팅받고 어떻게 해도 버징이 심합니다.,3,3,3,3,
7,63851,스윙 Swing Jazz King 베이스기타 Matte Black(R),5,좋아요!!,구매,g*****************,2024-12-20,목욜까지 받아야됬는데 배송빨리와서 좋았어용!!,5,5,5,5,
7,63851,스윙 Swing Jazz King 베이스기타 Matte Black(R),5,좋아요 기타짱머싯고 배달이 야물...,구매,*,2024-12-17,좋아요 기타짱머싯고 배달이 야물딱져요 ㅠㅠㅠ!,5,5,5,5,https://phinf.pstatic.net/checkout.phinf/20241219_298/17346134288769cYcB_JPEG/IMG_4058.jpeg?type=w640
7,63851,스윙 Swing Jazz King 베이스기타 Matte Black(R),5,배송 빠르고 저렴하고 좋아요,구매,*,2024-12-05,배송 빠르고 저렴하고 좋아요,5,5,5,5,https://phinf.pstatic.net/checkout.phinf/20241213_90/1734048898530Bpkq5_JPEG/17340488905704171272341833250023.jpg?type=w640
8,50799,스윙 Swing Jazz King 베이스기타 (WH/R),5,최고에요!!&#128077;&#12...,구매,a******************,2025-08-19,"기타도 진짜 예쁘고 성능도 좋고.. 색도 깔끔하니
정말 맘에듭니다.!!",5,5,5,5,https://img.schoolmusic.co.kr/webimg/2010_mypage/up_files_2025/c5f32b2f19_090304_29735.jpg
8,50799,스윙 Swing Jazz King 베이스기타 (WH/R),5,베이스기타,구매,b****************,2025-07-10,"사진과 같이 색깔도 너무 이쁘고 입문자가 쓰기에는 너무 좋은거 같아요
색깔은 저희딸이 흰색을 원해서 이걸로 히닜는데 완전 마음에 든다고 하네요
선택을 잘 한거 같아요.
나중에 잘치면 더 좋은걸로 구입해야 겠어요",5,5,5,5,https://img.schoolmusic.co.kr/webimg/2010_mypage/up_files_2025/ec44d1c314_205572_51917.jpg https://img.schoolmusic.co.kr/webimg/2010_mypage/up_files_2025/9c62c2b480_042249_15108.jpg
8,50799,스윙 Swing Jazz King 베이스기타 (WH/R),5,"너무 이쁘고 맘에 들어요, 밤에 받...",구매,*,2025-04-02,"너무 이쁘고 맘에 들어요, 밤에 받아서 아직 소리는 못들어 봤지만 익히 좋다고 들어서 기대됩니다",5,5,5,5,https://phinf.pstatic.net/checkout.phinf/20250402_298/1743519917511sJnSY_JPEG/IMG_4845.jpeg?type=w640 https://phinf.pstatic.net/checkout.phinf/20250402_42/1743519917821nbB3N_JPEG/IMG_4844.jpeg?type=w640
8,50799,스윙 Swing Jazz King 베이스기타 (WH/R),4,배송도 엄청 빠르네요,구매,c******************,2025-01-26,배송도 빠르게 오는데 물건도 멀쩡하게 오네요,5,5,5,2,
8,50799,스윙 Swing Jazz King 베이스기타 (WH/R),5,상품후기,구매,k*****************,2025-01-04,관심이 생겨서 입문용으로 구매했습니다.. 배송도 안전하게 포장해주셔서 잘 도착했어요!,5,5,5,5,
8,50799,스윙 Swing Jazz King 베이스기타 (WH/R),5,스윙 재즈킹 구매후기,구매,j*****************,2024-11-23,배송도 빠르고 제품도 흠잡을 때 없이 깔끔해요!,5,5,5,5,
8,50799,스윙 Swing Jazz King 베이스기타 (WH/R),5,베이스 입문용으로 추천 받고 구매...,구매,*,2024-08-25,"베이스 입문용으로 추천 받고 구매했습니다.
재즈 베이스로 예뻐서 마음에 들어요
소리는 아직 초보라 모름",5,5,5,5,https://phinf.pstatic.net/checkout.phinf/20240827_142/1724746165325YJIFt_JPEG/KakaoTalk_20240827_160838433.jpg?type=w640
8,50799,스윙 Swing Jazz King 베이스기타 (WH/R),5,"베이스 처음 시작하는데, 소리도 ...",구매,*,2024-05-24,"베이스 처음 시작하는데, 소리도 좋고 역시 추천을 많이 하는 이유가 있는 것 같습니다!",5,5,5,5,https://phinf.pstatic.net/checkout.phinf/20240529_74/1716937443212hYRGs_JPEG/KakaoTalk_20240529_080304721.jpg?type=w640
8,50799,스윙 Swing Jazz King 베이스기타 (WH/R),5,넘좋아요. 배송빠르고 실물은더이...,구매,*,2024-04-04,넘좋아요. 배송빠르고 실물은더이뻐요,5,5,5,5,https://phinf.pstatic.net/checkout.phinf/20240409_91/1712637002965aqSNf_JPEG/1000005866.jpg?type=w640
8,50799,스윙 Swing Jazz King 베이스기타 (WH/R),5,잘 사용중입니다. 감사합니다,구매,*,2023-09-25,잘 사용중입니다. 감사합니다,5,5,5,5,https://phinf.pstatic.net/checkout.phinf/20231208_233/1702029705775FJpfk_JPEG/1702029696829.jpg?type=w640
8,50799,스윙 Swing Jazz King 베이스기타 (WH/R),5,사스가 재즈킹 너무 이쁩니다...,구매,*,2023-08-12,사스가 재즈킹 너무 이쁩니다...,5,5,5,5,
8,50799,스윙 Swing Jazz King 베이스기타 (WH/R),5,좋습니다.,,g******************,2023-03-31,디자인이 예쁘고 소리도 범용성이 좋게 설계 된 것 같아요. 그래서 초보자가 쓰기 딱 좋은 기타라고 생각 됩니다.,5,5,5,5,
8,50799,스윙 Swing Jazz King 베이스기타 (WH/R),2,기타도 핸드폰처럼 뽑기를 잘 해야...,구매,*,2023-03-30,기타도 핸드폰처럼 뽑기를 잘 해야되는데.. 뽑기가 잘 안 된것 같아요.. 누르면 버징 개심하고 넥쪽에 찍힘?있고ㅜ 하..,2,2,2,2,https://phinf.pstatic.net/checkout.phinf/20230404_159/1680575535467xolGl_JPEG/55A5CC90-70D3-46CB-8A4B-B67EF3874D3F.jpeg?type=w640
8,50799,스윙 Swing Jazz King 베이스기타 (WH/R),5,베이스 짱짱하네요,,t***************,2023-02-22,조율도 잘 되어서 왔습니다 잘 쓸게요.,5,5,5,5,
8,50799,스윙 Swing Jazz King 베이스기타 (WH/R),5,연습용으로 구매했는데 별 이상없...,구매,*,2023-02-13,연습용으로 구매했는데 별 이상없어 보이고 배송도 무지 빨랐습니다,5,5,5,5,
8,50799,스윙 Swing Jazz King 베이스기타 (WH/R),5,입문용으로 딱이네요,구매,*,2023-01-28,입문용으로 딱이네요,5,5,5,5,
8,50799,스윙 Swing Jazz King 베이스기타 (WH/R),5,좋아요!! 깔끔한 디자인입니다,구매,*,2023-01-23,좋아요!! 깔끔한 디자인입니다,5,5,5,5,
8,50799,스윙 Swing Jazz King 베이스기타 (WH/R),5,다른 곳에서 품절이러고 주문 취소...,구매,*,2020-10-28,다른 곳에서 품절이러고 주문 취소됐는데 딱 하나 남은거 구입할 수 있어서 기뻤는데 배송도 엄청 빨라요 소리도 괜찮아요 설레네요 ㅠㅠ,5,5,5,5,https://phinf.pstatic.net/checkout.phinf/20201030_288/16039842748840Nprh_JPEG/review-attachment-e2d782d2-9a49-4170-90f3-3a8565291016.jpeg?type=w640
9,50800,스윙 Swing Jazz King 베이스기타 (BK/R),5,소리 잘 나오고 좋네요 ㅎㅎ,구매,*,2026-04-04,소리 잘 나오고 좋네요 ㅎㅎ,5,5,5,5,
9,50800,스윙 Swing Jazz King 베이스기타 (BK/R),5,소리도 좋구 다 좋아요~~,구매,*,2026-01-09,소리도 좋구 다 좋아요~~,5,5,5,5,
9,50800,스윙 Swing Jazz King 베이스기타 (BK/R),5,입문용 베이스로 샀는데 너무너무...,구매,*,2025-07-11,"입문용 베이스로 샀는데 너무너무 예쁘고 만족스러워요! 사은품으로 줄, 케이블, 스트랩에다 김까지 보내주셨네요!ㅋㅋㅋ 감사합니당",5,5,5,5,https://phinf.pstatic.net/checkout.phinf/20250711_278/1752230517967bU64c_JPEG/image.jpg?type=w640
9,50800,스윙 Swing Jazz King 베이스기타 (BK/R),5,"상품 상태 좋고, 초보 입문자에게...",구매,*,2024-08-02,"상품 상태 좋고, 초보 입문자에게 딱이었습니다",5,5,5,5,
9,50800,스윙 Swing Jazz King 베이스기타 (BK/R),5,입문용 베이스로 이거만한게 없는...,구매,*,2024-07-23,입문용 베이스로 이거만한게 없는거 같아요,5,5,5,5,
9,50800,스윙 Swing Jazz King 베이스기타 (BK/R),5,구매후기입니다,구매,s*******************,2024-07-09,이번에 처음 베이스를 사게 되었습니다 열심히 연습해서 개강하면 밴드부에 들어가려고요,5,5,5,5,https://img.schoolmusic.co.kr/webimg/2010_mypage/up_files_2024/bae0e85623_692662_58265.jpg
9,50800,스윙 Swing Jazz King 베이스기타 (BK/R),5,대학교에서 동아리 활동으로 구매...,구매,*,2024-05-15,대학교에서 동아리 활동으로 구매했는데 만족하며 매일 연습중입니다 좋아요,5,5,5,5,https://phinf.pstatic.net/checkout.phinf/20240606_57/17176497883169x4vK_JPEG/20240606_135614.jpg?type=w640
9,50800,스윙 Swing Jazz King 베이스기타 (BK/R),5,잘되요 좋아요 멋져요,구매,*,2024-04-18,잘되요 좋아요 멋져요,5,5,5,5,
9,50800,스윙 Swing Jazz King 베이스기타 (BK/R),5,딸아이 선물인데 너무 좋아하네요...,구매,*,2024-03-17,딸아이 선물인데 너무 좋아하네요. 예뻐요^^ 잘 배워서 잘 쓰겠습니다.,5,5,5,5,
9,50800,스윙 Swing Jazz King 베이스기타 (BK/R),5,너무 좋아요! 최근 산 제품중에 최...,구매,*,2024-02-07,너무 좋아요! 최근 산 제품중에 최고입니다,5,5,5,5,
9,50800,스윙 Swing Jazz King 베이스기타 (BK/R),5,교회 밴드와 학생 밴드 사용하기에...,구매,*,2023-03-18,교회 밴드와 학생 밴드 사용하기에 딱 좋은 것 같아요,5,5,5,5,
9,50800,스윙 Swing Jazz King 베이스기타 (BK/R),5,베이스 도착!,,b******************,2023-03-08,베이스가 도착했습니다. 배송도 빠르고 디자인도 예쁘네요👍,5,5,5,5,
9,50800,스윙 Swing Jazz King 베이스기타 (BK/R),5,오래돈 베이스 쓰다가 새 모델 쓰...,구매,*,2023-02-06,오래돈 베이스 쓰다가 새 모델 쓰니 너무 만족스러워요~!,5,5,5,5,https://phinf.pstatic.net/checkout.phinf/20230304_127/16779013164143oRqV_JPEG/20230217_173608_HDR.jpg?type=w640
9,50800,스윙 Swing Jazz King 베이스기타 (BK/R),5,"제품, 포장, 배송 모두 만족합니다...",구매,*,2023-01-29,"제품, 포장, 배송 모두 만족합니다.",5,5,5,5,https://phinf.pstatic.net/checkout.phinf/20230131_102/16751729623808MjSc_JPEG/IMG_2520.jpg?type=w640
9,50800,스윙 Swing Jazz King 베이스기타 (BK/R),5,소리도 좋고 아이가 좋아해요,구매,*,2023-01-29,소리도 좋고 아이가 좋아해요,5,5,5,5,
9,50800,스윙 Swing Jazz King 베이스기타 (BK/R),5,가격도괜찮고 상품도이상없이배달...,구매,*,2022-12-21,가격도괜찮고 상품도이상없이배달됐어요,5,5,5,5,
9,50800,스윙 Swing Jazz King 베이스기타 (BK/R),5,빠른처리 감사합니다,구매,*,2022-12-06,빠른처리 감사합니다,5,5,5,5,
9,50800,스윙 Swing Jazz King 베이스기타 (BK/R),5,첫베이스 기타인데 초보자에게 딱...,구매,*,2022-11-30,첫베이스 기타인데 초보자에게 딱 맞는거같습니다,5,5,5,5,
9,50800,스윙 Swing Jazz King 베이스기타 (BK/R),5,기타 너무 예뻐요~,구매,*,2022-08-21,기타 너무 예뻐요~,5,5,5,5,https://phinf.pstatic.net/checkout.phinf/20220824_6/1661312455745hAvw3_JPEG/20220824_123727.jpg?type=w640
9,50800,스윙 Swing Jazz King 베이스기타 (BK/R),5,좋습니다 잘 쓰겠습니다,구매,*,2020-10-22,좋습니다 잘 쓰겠습니다,5,5,5,5,
10,57502,아이바네즈 Ibanez Gio GSR180 베이스기타 (BEM) Baltic Blue Metallic Color,5,일단 색이 너무 예쁘고 톤도 맘에...,구매,*,2026-09-23,일단 색이 너무 예쁘고 톤도 맘에 들어요 입문용으로 정말 추천합니다,5,5,5,5,https://phinf.pstatic.net/checkout.phinf/20260923_201/1790149885820hF7gc_JPEG/20260923_165041.jpg?type=w640
10,57502,아이바네즈 Ibanez Gio GSR180 베이스기타 (BEM) Baltic Blue Metallic Color,5,베이스기타 초보용,구매,t********************,2026-09-17,"딸이하고싶어서샀습니다
구성이 좋네여 열심히배워서  다른단계 까지했음하네여",5,5,5,5,https://img.schoolmusic.co.kr/webimg/2010_mypage/up_files_2026/81af53f6d9_355022_66183.jpg
10,57502,아이바네즈 Ibanez Gio GSR180 베이스기타 (BEM) Baltic Blue Metallic Color,5,디자인 이쁘고 가벼워서 좋네요,구매,*,2026-08-21,디자인 이쁘고 가벼워서 좋네요,5,5,5,5,https://phinf.pstatic.net/checkout.phinf/20260821_260/1787298950849XTh4X_JPEG/IMG_1490.jpeg?type=w640
10,57502,아이바네즈 Ibanez Gio GSR180 베이스기타 (BEM) Baltic Blue Metallic Color,5,아이 입문용으로 추천해요,구매,*,2026-07-31,아이 입문용으로 추천해요,5,5,5,5,https://phinf.pstatic.net/checkout.phinf/20260731_84/1785507178065HgVeb_JPEG/tmp_3208463267200512666.jpg?type=w640
10,57502,아이바네즈 Ibanez Gio GSR180 베이스기타 (BEM) Baltic Blue Metallic Color,5,색상이쁘고 음색 좋고 마음에 쏘옥...,구매,*,2024-09-19,색상이쁘고 음색 좋고 마음에 쏘옥 드네요,5,5,5,5,
10,57502,아이바네즈 Ibanez Gio GSR180 베이스기타 (BEM) Baltic Blue Metallic Color,5,너무 예쁩니다 ㅜㅜ 입문용 베이스...,구매,*,2024-08-31,너무 예쁩니다 ㅜㅜ 입문용 베이스로 구매해서 사실 소리나 이런거는 잘 모르지만 평점이 좋고 무엇보다 예쁜게 가장 우선으로 생각해서 샀는데 약간의 펄감이 들어가있어서 너무 예뻐요,5,5,5,5,https://phinf.pstatic.net/checkout.phinf/20240908_151/1725757236072tvTob_JPEG/KakaoTalk_20240908_095531877.jpg?type=w640
10,57502,아이바네즈 Ibanez Gio GSR180 베이스기타 (BEM) Baltic Blue Metallic Color,5,가성비 좋은 베이스기타,구매,k******************,2024-02-23,가성비 좋아요.  치기도 편하고 소리가 명확하네요,5,5,5,5,
10,57502,아이바네즈 Ibanez Gio GSR180 베이스기타 (BEM) Baltic Blue Metallic Color,5,베이스 페키지,구매,p*********************,2024-01-27,"수입 베이스인  아이바네  색상  너무  멋있습니다
직접  수령하였기에  직원분의  세팅  꼼꼼한  상품 점검  너무  감사했습니다
기타도  살려고  합니다",5,5,5,5,
10,57502,아이바네즈 Ibanez Gio GSR180 베이스기타 (BEM) Baltic Blue Metallic Color,5,예쁘고 소리 잘 나서 만족 합니다...,구매,*,2023-08-20,예쁘고 소리 잘 나서 만족 합니다 ^^,5,5,5,5,
10,57502,아이바네즈 Ibanez Gio GSR180 베이스기타 (BEM) Baltic Blue Metallic Color,5,최고의 가성비,,c******************,2023-08-09,싸고 매우 추천드리는 가성비의 베이스입니다.,5,5,5,5,
10,57502,아이바네즈 Ibanez Gio GSR180 베이스기타 (BEM) Baltic Blue Metallic Color,5,입문용 베이스로 딱 좋은 것 같아...,구매,*,2022-07-27,입문용 베이스로 딱 좋은 것 같아요 ㅎ 색깔도 너무 맘에 들어요 열심히 연습해보겠습니다!,5,5,5,5,https://phinf.pstatic.net/checkout.phinf/20220803_29/1659511162389NydRY_JPEG/1A8CDE31-6DBC-435A-98CE-BB54365C5037.jpeg?type=w640
11,53048,콜트 Cort GB24JJ 베이스기타 (2T) 2 Tone Burst Color,5,한달 정도 사용해 보았는데 정말 ...,구매,*,2023-10-15,한달 정도 사용해 보았는데 정말 괸찮은 제품이고요 소리도 굳이에요!!! 강추!!!,5,5,5,5,
11,53048,콜트 Cort GB24JJ 베이스기타 (2T) 2 Tone Burst Color,5,배송도 빠르고 제품도 너무 좋아요...,구매,*,2023-09-17,배송도 빠르고 제품도 너무 좋아요.,5,5,5,5,
11,53048,콜트 Cort GB24JJ 베이스기타 (2T) 2 Tone Burst Color,5,배송도 빠르고 안전하게 포장되어...,구매,*,2023-06-18,배송도 빠르고 안전하게 포장되어 왔오요,5,5,5,5,https://phinf.pstatic.net/checkout.phinf/20230625_159/1687655809181JMtu4_JPEG/IMG_5221.jpeg?type=w640
11,53048,콜트 Cort GB24JJ 베이스기타 (2T) 2 Tone Burst Color,5,깔끔하게 포장돼서 옵니다,구매,*,2023-05-17,깔끔하게 포장돼서 옵니다,5,5,5,5,
11,53048,콜트 Cort GB24JJ 베이스기타 (2T) 2 Tone Burst Color,3,만족스러운 상품입니다,구매,*,2023-03-01,만족스러운 상품입니다,3,3,3,3,
11,53048,콜트 Cort GB24JJ 베이스기타 (2T) 2 Tone Burst Color,5,초보용으로 사용하기에 최적입니다,구매,*,2023-02-06,초보용으로 사용하기에 최적입니다,5,5,5,5,
11,53048,콜트 Cort GB24JJ 베이스기타 (2T) 2 Tone Burst Color,5,배송도 빠르고 포장도 잘해서 오고...,구매,*,2022-08-17,배송도 빠르고 포장도 잘해서 오고 기타도 아이가 너무 맘에 들어해요 감사합니다,5,5,5,5,https://phinf.pstatic.net/checkout.phinf/20220829_70/1661774606915KuNYB_JPEG/image.jpg?type=w640
12,63105,투맨 Twoman NEW TJB-120 베이스기타 (MBL) Metallic Blue Color,5,진짜 이뻐요 ㅠㅠㅠㅠㅠ,구매,u****************,2025-01-29,"살까 말까 할 땐 사세요 보라색 몸체에 펄이 흐르는게 넘 이쁨... 초보자는 베이스가 이뻐야 더 친다는데 개공감.
이뻐서 만날 만지개 돼요 최고..",5,5,5,5,
12,63105,투맨 Twoman NEW TJB-120 베이스기타 (MBL) Metallic Blue Color,5,개예쁨... 핵 존예임... 리뉴얼? ...,구매,*,2025-01-12,개예쁨... 핵 존예임... 리뉴얼? 되면서 자개? 느낌이 없어져서 고민했는데 그럴 필요 1도 없음 고민은 배송만 늦출뿐 개예쁨...,5,5,5,5,https://phinf.pstatic.net/checkout.phinf/20250125_126/1737791244952wEtt0_JPEG/1000031279.jpg?type=w640
12,63105,투맨 Twoman NEW TJB-120 베이스기타 (MBL) Metallic Blue Color,5,내돈내산으로 처음 산 베이스입니...,구매,h*******************,2024-10-26,"입문자는 아니지만 아직 학생이라 열심히 모은 돈으로 그냥 가격 싼 베이스에 색상이나 헤드디자인 넥 맘에 드는 거 샀습니다.
메탈릭은 처음 써봐서 뭔가 많이 화려해서 당황스러웠지만 쓰면 쓸수록 매력적인 아이인 것 같아요😎",5,5,5,5,
13,56036,고퍼우드 GopherWood J-Classic IV 베이스기타 (WHITE401B),5,정말정말 마음에 들어요 추천합니...,구매,*,2025-04-28,정말정말 마음에 들어요 추천합니다,5,5,5,5,
13,56036,고퍼우드 GopherWood J-Classic IV 베이스기타 (WHITE401B),4,배송이 빠름. 제품 안전하게 배송...,구매,*,2023-05-11,배송이 빠름. 제품 안전하게 배송됨,4,4,4,4,https://phinf.pstatic.net/checkout.phinf/20230521_2/1684638681401T8qgJ_JPEG/1684638620171.jpg?type=w640
13,56036,고퍼우드 GopherWood J-Classic IV 베이스기타 (WHITE401B),5,너무 예뻐요.. 아직 초보라 소리 ...,구매,*,2022-08-22,너무 예뻐요.. 아직 초보라 소리 같은건 모르겠고 일단 예쁨..,5,5,5,5,https://phinf.pstatic.net/checkout.phinf/20220831_42/1661876488800e1A3C_JPEG/3DF9A14B-A86F-4406-9B85-8A8D13B1F4FF.jpeg?type=w640
14,66678,헥스 Hex B100R 베이스기타 (G/SB) Gloss Finish / Sunburst Color,5,아들이 베이스 기타 연습하려고 구...,구매,*,2026-03-28,아들이 베이스 기타 연습하려고 구매했는데 가성비 최고라 들었습니다~~믿어  의심치 않습니다~,5,5,5,5,https://phinf.pstatic.net/checkout.phinf/20260328_3/1774625977433zeGwK_JPEG/1000025720.jpg?type=w640
15,60881,스윙 Swing Jazz King 베이스기타 Sonic Blue(R),3,배송도 빠르고 사은품도 많이 주고...,구매,*,2026-02-27,"배송도 빠르고 사은품도 많이 주고 좋아요
처음 배송 왔을때 기스 있는게 와서 문의 넣었는데 바로 교환 해주셨어요 근데 교환받은 상품에도 기스가 있네요.. 당장 급해서 그냥 쓰기로 했습니다",3,3,3,3,https://phinf.pstatic.net/checkout.phinf/20260227_92/1772168623356pihYa_JPEG/03A06CD4-3A6D-4DAB-AD0A-0338DEAAAEDC.jpeg?type=w640
15,60881,스윙 Swing Jazz King 베이스기타 Sonic Blue(R),5,아이첫베이스인데 아이기 너무 좋...,구매,*,2026-02-12,아이첫베이스인데 아이기 너무 좋아하네요,5,5,5,5,https://phinf.pstatic.net/checkout.phinf/20260212_255/1770897945111DnszP_JPEG/IMG_8468.jpeg?type=w640
16,58206,헥스 Hex B100R 베이스기타 (S/IV) Satin Finish / Ivory Color,5,배송빠르고 잘포장되서 왔어요,구매,*,2026-04-24,배송빠르고 잘포장되서 왔어요,5,5,5,5,https://phinf.pstatic.net/checkout.phinf/20260424_43/1777010585258q1U8s_JPEG/IMG_9975.jpeg?type=w640
16,58206,헥스 Hex B100R 베이스기타 (S/IV) Satin Finish / Ivory Color,5,"입문용으로 가성비 좋다해서
샀는...",구매,*,2023-09-03,"입문용으로 가성비 좋다해서
샀는데 맘에드네요",5,5,5,5,https://phinf.pstatic.net/checkout.phinf/20230906_116/16940004787275b14j_JPEG/1694000422971.jpg?type=w640
16,58206,헥스 Hex B100R 베이스기타 (S/IV) Satin Finish / Ivory Color,5,입문용으로 샀는데 색깔이 이쁘고...,구매,*,2023-05-22,입문용으로 샀는데 색깔이 이쁘고 좋아용,5,5,5,5,https://phinf.pstatic.net/checkout.phinf/20230527_93/168515679838568vXw_JPEG/20230524_185301.jpg?type=w640
16,58206,헥스 Hex B100R 베이스기타 (S/IV) Satin Finish / Ivory Color,5,"배송.포장도 너무 잘 되어있고, 너...",구매,*,2023-03-29,"배송.포장도 너무 잘 되어있고, 너무 깔끔하고 좋습니다 ㅎㅎ 이쁘고 소리도 좋아서 잘 연습하겠습니다!!",5,5,5,5,https://phinf.pstatic.net/checkout.phinf/20230331_267/1680236318264bLdS7_JPEG/DC8042EF-3C38-406C-8A60-D02BF66677B8.jpeg?type=w640
16,58206,헥스 Hex B100R 베이스기타 (S/IV) Satin Finish / Ivory Color,5,디자인도 좋고  가성비도 좋네요,구매,*,2023-03-19,디자인도 좋고  가성비도 좋네요,5,5,5,5,
16,58206,헥스 Hex B100R 베이스기타 (S/IV) Satin Finish / Ivory Color,5,저렴하게 구매할수 있어 매우 좋습...,구매,*,2023-03-19,"저렴하게 구매할수 있어 매우 좋습니다
마감이랑 긱백이 너무 좋아요",5,5,5,5,https://phinf.pstatic.net/checkout.phinf/20230323_262/16795697773577sTM4_JPEG/20230323_200712.jpg?type=w640
16,58206,헥스 Hex B100R 베이스기타 (S/IV) Satin Finish / Ivory Color,5,"무광이라 더 이뻐요
사은품  구성...",구매,*,2023-03-15,"무광이라 더 이뻐요
사은품  구성도 좋습니다~
그리고 맛다시가 들어있어서 깜짝 놀랐으나
잘 먹을게요 ㅎㅎ",5,5,5,5,https://phinf.pstatic.net/checkout.phinf/20230318_121/16791198299172Oz6t_JPEG/1679119819344.jpg?type=w640
16,58206,헥스 Hex B100R 베이스기타 (S/IV) Satin Finish / Ivory Color,5,"첫 입문으로 베이스를 샀습니다.
...",구매,*,2023-03-14,"첫 입문으로 베이스를 샀습니다.
포장도 아주 튼튼하고 깔끔하게 해주셨더라구요. 집에서 칠때마다 너무 행복합니다 ㅎㅎ",5,5,5,5,
16,58206,헥스 Hex B100R 베이스기타 (S/IV) Satin Finish / Ivory Color,5,아들램이 넘 좋아하네요,구매,*,2023-03-08,아들램이 넘 좋아하네요,5,5,5,5,https://phinf.pstatic.net/checkout.phinf/20230309_261/16783529163880UeHk_JPEG/1678352900213.jpg?type=w640
16,58206,헥스 Hex B100R 베이스기타 (S/IV) Satin Finish / Ivory Color,4,생각 이상으로 좋아요,구매,*,2023-03-03,생각 이상으로 좋아요,4,4,4,4,https://phinf.pstatic.net/checkout.phinf/20230321_267/1679395343909Bh3LJ_JPEG/1679395332129.jpg?type=w640
16,58206,헥스 Hex B100R 베이스기타 (S/IV) Satin Finish / Ivory Color,5,초보자가 쓰기에 괜찮은 듯~~~,구매,*,2023-02-26,초보자가 쓰기에 괜찮은 듯~~~,5,5,5,5,https://phinf.pstatic.net/checkout.phinf/20230313_225/1678685077447moO61_JPEG/KakaoTalk_20230307_173649166.jpg?type=w640
16,58206,헥스 Hex B100R 베이스기타 (S/IV) Satin Finish / Ivory Color,5,입문용으로 좋아요.,,s**********************,2023-02-04,입문용으로 좋은 것 같아요.,5,5,5,4,
16,58206,헥스 Hex B100R 베이스기타 (S/IV) Satin Finish / Ivory Color,5,입문용 베이스로 정말 좋습니다,구매,*,2023-01-14,입문용 베이스로 정말 좋습니다,5,5,5,5,
17,59518,콜트 Cort C4 Plus OVMH 베이스기타 (ABB) Antique Brown Burst Color,5,좋은 가격에 잘 샀네요~^^,구매,*,2026-05-23,좋은 가격에 잘 샀네요~^^,5,5,5,5,
17,59518,콜트 Cort C4 Plus OVMH 베이스기타 (ABB) Antique Brown Burst Color,4,"이뻐요.
중1아이 선물이예요",구매,*,2025-07-25,"이뻐요.
중1아이 선물이예요",4,4,4,4,https://phinf.pstatic.net/checkout.phinf/20250725_98/1753395075248BlDlL_JPEG/1000015125.jpg?type=w640
17,59518,콜트 Cort C4 Plus OVMH 베이스기타 (ABB) Antique Brown Burst Color,5,아들이 사용할 건데 신랑이 가격대...,구매,*,2025-02-05,아들이 사용할 건데 신랑이 가격대비 괜찮다고 하네요~,5,5,5,5,https://phinf.pstatic.net/checkout.phinf/20250208_263/1739001283662oAvoJ_JPEG/1000042694.jpg?type=w640
17,59518,콜트 Cort C4 Plus OVMH 베이스기타 (ABB) Antique Brown Burst Color,5,가격대비 퀄리티 최고입니다!!! 잘...,구매,*,2023-12-21,가격대비 퀄리티 최고입니다!!! 잘사용하겠습니다 감사합니다 :),5,5,5,5,https://phinf.pstatic.net/checkout.phinf/20231226_53/1703579680339B66bM_JPEG/KakaoTalk_20231223_145429936.jpg?type=w640
17,59518,콜트 Cort C4 Plus OVMH 베이스기타 (ABB) Antique Brown Burst Color,5,멋있습니다,,s*******************,2023-05-20,"남편이 아주좋아하네요  디자인도 이쁘고
터치감도좋다고 하던데요~  암튼 세일할때 잘산거같아요",5,5,5,5,
17,59518,콜트 Cort C4 Plus OVMH 베이스기타 (ABB) Antique Brown Burst Color,5,소리도 좋고 만족합니다~^^,구매,*,2023-05-14,소리도 좋고 만족합니다~^^,5,5,5,5,https://phinf.pstatic.net/checkout.phinf/20230525_129/16850087833923BoO9_JPEG/1685008726247.jpg?type=w640
18,59369,헥스 Hex B100M 베이스기타 (S/PPK) Satin Finish / Pastel Pink Color,5,"연습용으로 좋아요
중딩 남학생이...",구매,*,2024-08-18,"연습용으로 좋아요
중딩 남학생이 좋아해요",5,5,5,5,
18,59369,헥스 Hex B100M 베이스기타 (S/PPK) Satin Finish / Pastel Pink Color,5,만족합니다 배송도 빠르고 색상도...,구매,*,2024-05-19,만족합니다 배송도 빠르고 색상도 좋습니다,5,5,5,5,
18,59369,헥스 Hex B100M 베이스기타 (S/PPK) Satin Finish / Pastel Pink Color,5,일단 뜯자마자 색깔이 너무 이뻐서...,구매,*,2023-11-19,일단 뜯자마자 색깔이 너무 이뻐서 입을 다물수없음,5,5,5,5,https://phinf.pstatic.net/checkout.phinf/20231124_89/1700789709253rw88H_JPEG/IMG_3927.jpeg?type=w640
18,59369,헥스 Hex B100M 베이스기타 (S/PPK) Satin Finish / Pastel Pink Color,5,색상이 너무 이뻐요,구매,*,2023-10-09,색상이 너무 이뻐요,5,5,5,5,
18,59369,헥스 Hex B100M 베이스기타 (S/PPK) Satin Finish / Pastel Pink Color,5,딸래미 생일선물입니다~~!! 매일매...,구매,*,2023-09-28,딸래미 생일선물입니다~~!! 매일매일 연습하고 좋다고 하네요~! 때깔이 이쁩니다 ㅎㅎㅎ,5,5,5,5,
19,39621,스윙 Swing Jazz King 베이스기타 WH(M),5,입문용으로 최고!!,구매,*,2025-05-12,입문용으로 최고!!,5,5,5,5,
19,39621,스윙 Swing Jazz King 베이스기타 WH(M),5,Swing jazz king,구매,s***********************,2025-04-09,"생각보다 너무 예쁘고 배송이 빠릅니다.
입문용으로는 딱 좋은 악기인것 같네요.",5,5,5,5,
19,39621,스윙 Swing Jazz King 베이스기타 WH(M),5,베이스 디자인도 너무 예쁘고 맘에...,구매,*,2023-11-02,베이스 디자인도 너무 예쁘고 맘에 쏙 들어요,5,5,5,5,https://phinf.pstatic.net/checkout.phinf/20231120_60/1700410886559YVWgn_JPEG/IMG_4270.jpeg?type=w640
19,39621,스윙 Swing Jazz King 베이스기타 WH(M),5,재밌게 연습중입니다,구매,*,2023-10-24,재밌게 연습중입니다,5,5,5,5,https://phinf.pstatic.net/checkout.phinf/20231204_185/1701617696848QxHNe_JPEG/1000006664.jpg?type=w640
19,39621,스윙 Swing Jazz King 베이스기타 WH(M),5,"예싱보다 택배 빨랐구요
배송상태...",구매,*,2023-06-21,"예싱보다 택배 빨랐구요
배송상태 좋있어요",5,5,5,5,
19,39621,스윙 Swing Jazz King 베이스기타 WH(M),5,소리도좋고 디자인도좋아용,구매,*,2020-01-17,소리도좋고 디자인도좋아용,5,5,5,5,
19,39621,스윙 Swing Jazz King 베이스기타 WH(M),5,방문수령 했습니다,구매,v******************,2019-06-26,바쁜 시간대에 방문했는데 직원분들도 친절하시고 상품도 좋습니다. 잘 사용하겠습니다,5,5,5,5,
20,37065,야마하 Yamaha BB234 베이스기타 (VW),5,진짜 잘 산 것 같습니다.,구매,h****************,2026-04-16,"이제 갓 입문한 베린이... 베이스 받아들고 나서 사진 찍는데 진짜 너무 이쁩니다.
화이트... 블랙이랑 다른 맛이 있어서 좋은 것 같아요. 아예 흰색 아니고 살짝 크림색인데 그래서 더 부드러운 느낌이 듭니다. 열심히 연주할게요^^",5,5,5,5,https://img.schoolmusic.co.kr/webimg/2010_mypage/up_files_2026/1fa847d481_876948_53008.jpg
20,37065,야마하 Yamaha BB234 베이스기타 (VW),5,너무 이뻐요 약간의 기스 괜찮아요,구매,*,2024-06-20,너무 이뻐요 약간의 기스 괜찮아요,5,5,5,5,https://phinf.pstatic.net/checkout.phinf/20240622_217/1719037270189yyidQ_JPEG/IMG_3927.jpeg?type=w640
20,37065,야마하 Yamaha BB234 베이스기타 (VW),5,색상도 예쁘고 배송도 주문하고 이...,구매,*,2024-04-18,색상도 예쁘고 배송도 주문하고 이튿날로 바로 도착,5,5,5,5,https://phinf.pstatic.net/checkout.phinf/20240420_221/1713621052614uHz17_JPEG/1000009433.jpg?type=w640
20,37065,야마하 Yamaha BB234 베이스기타 (VW),5,소리 너무 좋구영 입문 베이스로도...,구매,*,2021-07-21,소리 너무 좋구영 입문 베이스로도 충분한거같아요 아주 만족하며 쓰고있구요 색깔도 이쁩니당,5,5,5,5,
20,37065,야마하 Yamaha BB234 베이스기타 (VW),5,가격대 성능비가 최곱니다!,구매,*,2021-07-19,가격대 성능비가 최곱니다!,5,5,5,5,https://phinf.pstatic.net/checkout.phinf/20210911_183/163134130088935V2J_JPEG/review-attachment-085ee070-04e5-4838-b3d0-c4f704ff002c.jpeg?type=w640
20,37065,야마하 Yamaha BB234 베이스기타 (VW),5,"조카연습용으로샀어요
너무좋아하...",구매,*,2020-10-26,"조카연습용으로샀어요
너무좋아하네요",5,5,5,5,https://phinf.pstatic.net/checkout.phinf/20201031_295/1604121702218IRqMG_JPEG/review-attachment-8a8afce1-71cd-4e29-996e-acc8bf52bca8.jpeg?type=w640
